FL Character,ã€ŠZitieã€‹Sequence,Corresponding Chinese Character,Jiangyong Dialect Pronunciation,font_path
ğ›…°,0,ä¸€,i5,https://github.com/yushiran/DLNLP_assignment_25/tree/main/data/raw/nushu_font/ğ›…°.jpg
ğ›…±,1,ä¸¤æ—¥å…¥äºŒ,na33,https://github.com/yushiran/DLNLP_assignment_25/tree/main/data/raw/nushu_font/ğ›…±.jpg
ğ›…²,2,å‚ºé”™ä¸ƒ,tsha5,https://github.com/yushiran/DLNLP_assignment_25/tree/main/data/raw/nushu_font/ğ›…².jpg
ğ›…³,3,äºº,ie21,https://github.com/yushiran/DLNLP_assignment_25/tree/main/data/raw/nushu_font/ğ›…³.jpg
ğ›…´,4,å…«,poe5,https://github.com/yushiran/DLNLP_assignment_25/tree/main/data/raw/nushu_font/ğ›…´.jpg
ğ›…µ,5,åäº‹å®ä¾æ‹¾è³æ˜¯èª“,swe33,https://github.com/yushiran/DLNLP_assignment_25/tree/main/data/raw/nushu_font/ğ›…µ.jpg
ğ›…¶,6,æ ‡èœ‚æ¼‚é£˜æ‰¹æŠ«å–·ç‰‡éª—,phiu44,https://github.com/yushiran/DLNLP_assignment_25/tree/main/data/raw/nushu_font/ğ›…¶.jpg
ğ›…·,7,çº¦é›¨å®‡ç¾½èˆå±‹æ­¦,u5,https://github.com/yushiran/DLNLP_assignment_25/tree/main/data/raw/nushu_font/ğ›…·.jpg
ğ›…¸,8,æ°´,cya35,https://github.com/yushiran/DLNLP_assignment_25/tree/main/data/raw/nushu_font/ğ›…¸.jpg
ğ›…¹,9,äº†ç¤¼å¼Ÿå¸åŠè°ƒä¸«,tie42,https://github.com/yushiran/DLNLP_assignment_25/tree/main/data/raw/nushu_font/ğ›…¹.jpg
ğ›…º,10,å†…ä¹‰è¦è¯­å®œä»ªè°Šè®®æ„é—èšä»¥è®¤å¿è€³,njie33,https://github.com/yushiran/DLNLP_assignment_25/tree/main/data/raw/nushu_font/ğ›…º.jpg
ğ›…»,11,å¤§ä»£è¢‹å¾…æ€ å°æŠ¬,toe33,https://github.com/yushiran/DLNLP_assignment_25/tree/main/data/raw/nushu_font/ğ›…».jpg
ğ›…¼,12,å°ºå˜±çƒ›å´,tchye5,https://github.com/yushiran/DLNLP_assignment_25/tree/main/data/raw/nushu_font/ğ›…¼.jpg
ğ›…½,13,ä¸‹å“åŒ–,fwe13,https://github.com/yushiran/DLNLP_assignment_25/tree/main/data/raw/nushu_font/ğ›…½.jpg
ğ›…¾,14,æœçŠä½åˆé›•,liu44,https://github.com/yushiran/DLNLP_assignment_25/tree/main/data/raw/nushu_font/ğ›…¾.jpg
ğ›…¿,15,å°ç»†ç¬‘æ´—æ¯å¤•å‰Šå”é€å®‹å®¿,siu35,https://github.com/yushiran/DLNLP_assignment_25/tree/main/data/raw/nushu_font/ğ›…¿.jpg
ğ›†€,16,åœŸ,thu35,https://github.com/yushiran/DLNLP_assignment_25/tree/main/data/raw/nushu_font/ğ›†€.jpg
ğ›†,17,å¥³,njyu13,https://github.com/yushiran/DLNLP_assignment_25/tree/main/data/raw/nushu_font/ğ›†.jpg
ğ›†‚,18,æ–‡é—»,vai42,https://github.com/yushiran/DLNLP_assignment_25/tree/main/data/raw/nushu_font/ğ›†‚.jpg
ğ›†ƒ,19,å‘é—´å·¥å…¬è·Ÿç«¿åŠŸæ›´æ ¹åºšè€•,kai44,https://github.com/yushiran/DLNLP_assignment_25/tree/main/data/raw/nushu_font/ğ›†ƒ.jpg
ğ›†„,20,å¯¸å¯é å£³æ‰©è€ƒä»‹æˆ’ç•Œç‹—è‹Ÿç¨¿ç¡®,khau21,https://github.com/yushiran/DLNLP_assignment_25/tree/main/data/raw/nushu_font/ğ›†„.jpg
ğ›†…,21,ç•Œä»‹é¡¾ä¸ªå‘Šå¤Ÿè¿‡,kou21,https://github.com/yushiran/DLNLP_assignment_25/tree/main/data/raw/nushu_font/ğ›†….jpg
ğ›††,22,è€…ä¹ä¹…éŸ­é…’å®ˆ,tciou35,https://github.com/yushiran/DLNLP_assignment_25/tree/main/data/raw/nushu_font/ğ›††.jpg
ğ›†‡,23,ä¸¤äºŒ,liang35,https://github.com/yushiran/DLNLP_assignment_25/tree/main/data/raw/nushu_font/ğ›†‡.jpg
ğ›†ˆ,24,å‘ä¸Šé£Ÿ,ciang13,https://github.com/yushiran/DLNLP_assignment_25/tree/main/data/raw/nushu_font/ğ›†ˆ.jpg
ğ›†‰,25,å¹²åƒç­¾è¿,tsheng44,https://github.com/yushiran/DLNLP_assignment_25/tree/main/data/raw/nushu_font/ğ›†‰.jpg
ğ›†Š,26,ä¸‰,song44,https://github.com/yushiran/DLNLP_assignment_25/tree/main/data/raw/nushu_font/ğ›†Š.jpg
ğ›†‹,27,æ²¡,ma5,https://github.com/yushiran/DLNLP_assignment_25/tree/main/data/raw/nushu_font/ğ›†‹.jpg
ğ›†Œ,29,è¾‰æŒ¥åç°éé£é¥­ç¿»ç•ªåè´¹è™½,fa44,https://github.com/yushiran/DLNLP_assignment_25/tree/main/data/raw/nushu_font/ğ›†Œ.jpg
ğ›†,28,çŸ¥æ³ªè™‘ç«‹åˆ©ç²’å•ä¸¹,la44,https://github.com/yushiran/DLNLP_assignment_25/tree/main/data/raw/nushu_font/ğ›†.jpg
ğ›†,31,å¤ª,thoe21,https://github.com/yushiran/DLNLP_assignment_25/tree/main/data/raw/nushu_font/ğ›†.jpg
ğ›†,32,æ‰è´¢è£,tsoe42,https://github.com/yushiran/DLNLP_assignment_25/tree/main/data/raw/nushu_font/ğ›†.jpg
ğ›†,33,è¦æ‹¬éª¨åˆ®å‘,fwe44,https://github.com/yushiran/DLNLP_assignment_25/tree/main/data/raw/nushu_font/ğ›†.jpg
ğ›†‘,34,æ­¤ç¿…æ± å­åªçº¸æŒ‡æ—¨ç´«è¶¾ä»”å´½,tswe35,https://github.com/yushiran/DLNLP_assignment_25/tree/main/data/raw/nushu_font/ğ›†‘.jpg
ğ›†’,35,ç§°æ›¾äº†æ‹‰å¼„å¼Ÿåˆ€åŠ¨ä½æ´ç¬¬å¾—ç¯ç™»æ»´å†»å‡³å¾…å¸¦é“œè…¾æ›¿é©¼æ½­,ti13,https://github.com/yushiran/DLNLP_assignment_25/tree/main/data/raw/nushu_font/ğ›†’.jpg
ğ›†“,36,æˆä¹ ä¸–åŠ¿é€,ci21,https://github.com/yushiran/DLNLP_assignment_25/tree/main/data/raw/nushu_font/ğ›†“.jpg
ğ›†”,37,å¤«å‚…,fu44,https://github.com/yushiran/DLNLP_assignment_25/tree/main/data/raw/nushu_font/ğ›†”.jpg
ğ›†•,38,è¡¥ç«å¹…åºœå¦‡,fu35,https://github.com/yushiran/DLNLP_assignment_25/tree/main/data/raw/nushu_font/ğ›†•.jpg
ğ›†–,39,è´ºç¥¸æˆ·äº’çˆ¶å¦‡è´Ÿå¯Œè…å’ä»˜èµ‹é™„ç¦æœä¼,fu13,https://github.com/yushiran/DLNLP_assignment_25/tree/main/data/raw/nushu_font/ğ›†–.jpg
ğ›†—,40,ä¸»ç…®çŸ©ä¸¾,tcyu35,https://github.com/yushiran/DLNLP_assignment_25/tree/main/data/raw/nushu_font/ğ›†—.jpg
ğ›†˜,41,å˜´å¥,tcyu21,https://github.com/yushiran/DLNLP_assignment_25/tree/main/data/raw/nushu_font/ğ›†˜.jpg
ğ›†™,42,æ‰®å©šæ˜é­‚æ‚£çº·åˆ†å°åŸä»½ç²‰ç²ªé£ç¡,fai44,https://github.com/yushiran/DLNLP_assignment_25/tree/main/data/raw/nushu_font/ğ›†™.jpg
ğ›†š,43,å£è€ƒè‚¯å¥½å€™,hau35,https://github.com/yushiran/DLNLP_assignment_25/tree/main/data/raw/nushu_font/ğ›†š.jpg
ğ›†›,44,æ–—æŠ–åˆ°,lou35,https://github.com/yushiran/DLNLP_assignment_25/tree/main/data/raw/nushu_font/ğ›†›.jpg
ğ›†œ,45,å…­ç•¥,liou33,https://github.com/yushiran/DLNLP_assignment_25/tree/main/data/raw/nushu_font/ğ›†œ.jpg
ğ›†,46,ç­¹æŠ½æ˜¼å·å‘¨æ´²å’’äº¤æ—§å¨‡ç»æ•™æ•‘è¾ƒç©¶èˆ…çº æ±‚çƒä¸˜,tciou44,https://github.com/yushiran/DLNLP_assignment_25/tree/main/data/raw/nushu_font/ğ›†.jpg
ğ›†,47,ä¸‘æ‰‹é¦–å®ˆ,ciou35,https://github.com/yushiran/DLNLP_assignment_25/tree/main/data/raw/nushu_font/ğ›†.jpg
ğ›†Ÿ,48,ä¸²åŠ,tchyn21,https://github.com/yushiran/DLNLP_assignment_25/tree/main/data/raw/nushu_font/ğ›†Ÿ.jpg
ğ›† ,49,æ–¹èŠ³é£å°ä¸°å¦¨é€¢å‡¤ç•ªç¿»,fang44,https://github.com/yushiran/DLNLP_assignment_25/tree/main/data/raw/nushu_font/ğ›† .jpg
ğ›†¡,50,äº¡å¿˜,vang42,https://github.com/yushiran/DLNLP_assignment_25/tree/main/data/raw/nushu_font/ğ›†¡.jpg
ğ›†¢,51,è‘¬ç®—ä¸§è’œ,sang33,https://github.com/yushiran/DLNLP_assignment_25/tree/main/data/raw/nushu_font/ğ›†¢.jpg
ğ›†£,52,çœ‹ç‚•é å©æ‰£å­”å‹˜ç æ‰›æ è´¯æ†å¹²,khang21,https://github.com/yushiran/DLNLP_assignment_25/tree/main/data/raw/nushu_font/ğ›†£.jpg
ğ›†¤,54,å¤©æ±¤é€šè´ª,theng44,https://github.com/yushiran/DLNLP_assignment_25/tree/main/data/raw/nushu_font/ğ›†¤.jpg
ğ›†¥,53,å¹´ä¾¬ç„¶ç‡ƒ,neng44,https://github.com/yushiran/DLNLP_assignment_25/tree/main/data/raw/nushu_font/ğ›†¥.jpg
ğ›†¦,55,å¹¶å…µå˜è±¹æœäº•å¹³ç“¶æ‹¼è˜æ¡¥èŒ„å…¶å¥‡æ£‹,piong13,https://github.com/yushiran/DLNLP_assignment_25/tree/main/data/raw/nushu_font/ğ›†¦.jpg
ğ›†§,56,èµ¢å›­å…ƒåœ†æºç¼˜åŸå‘˜æ´é™¢æ„¿è£ç‹å®Œç©,iong42,https://github.com/yushiran/DLNLP_assignment_25/tree/main/data/raw/nushu_font/ğ›†§.jpg
ğ›†¨,57,å‘³ä½æœªè°“ä¸ºä¸‡æ¹¾å¼¯å¨å«,va33,https://github.com/yushiran/DLNLP_assignment_25/tree/main/data/raw/nushu_font/ğ›†¨.jpg
ğ›†©,30,äºå®å±ˆ,khua44,https://github.com/yushiran/DLNLP_assignment_25/tree/main/data/raw/nushu_font/ğ›†©.jpg
ğ›†ª,58,å¹,tchya33,https://github.com/yushiran/DLNLP_assignment_25/tree/main/data/raw/nushu_font/ğ›†ª.jpg
ğ›†«,60,å†…å«©,nie33,https://github.com/yushiran/DLNLP_assignment_25/tree/main/data/raw/nushu_font/ğ›†«.jpg
ğ›†¬,61,å¤„å¯¹å…‘é˜Ÿå †é¡¿å‡³,lie21,https://github.com/yushiran/DLNLP_assignment_25/tree/main/data/raw/nushu_font/ğ›†¬.jpg
ğ›†­,62,çœŸé’ˆçè´æ–Ÿå¾é‡‘ä»Šè¥Ÿæ–¤å·¾ç­‹æƒŠå¾½æ²ˆ,tcie44,https://github.com/yushiran/DLNLP_assignment_25/tree/main/data/raw/nushu_font/ğ›†­.jpg
ğ›†®,63,ç§°,tchie44,https://github.com/yushiran/DLNLP_assignment_25/tree/main/data/raw/nushu_font/ğ›†®.jpg
ğ›†¯,64,ä¸ªå¤œäº¦è¦,njie44,https://github.com/yushiran/DLNLP_assignment_25/tree/main/data/raw/nushu_font/ğ›†¯.jpg
ğ›†°,65,æ³¥é“¶åŸ,njie42,https://github.com/yushiran/DLNLP_assignment_25/tree/main/data/raw/nushu_font/ğ›†°.jpg
ğ›†±,66,åƒç³»éŸ³é˜´å› å§»æ®·å¿†ä¸è£•ä¾åŒ»è¡£è¦ä»¥å·²å­•è«äºå¦–è…°è¯­è¯å¶æ˜“åº”é—å–»ç‘œå¹¼æ„ä»»å¦‚å„’æ±¡,ie44,https://github.com/yushiran/DLNLP_assignment_25/tree/main/data/raw/nushu_font/ğ›†±.jpg
ğ›†²,67,åƒä»»,ie33,https://github.com/yushiran/DLNLP_assignment_25/tree/main/data/raw/nushu_font/ğ›†².jpg
ğ›†³,68,ä¸æœª,mwe13,https://github.com/yushiran/DLNLP_assignment_25/tree/main/data/raw/nushu_font/ğ›†³.jpg
ğ›†´,71,ä¼šä¸«çº¦è¦æ›°,vwe33,https://github.com/yushiran/DLNLP_assignment_25/tree/main/data/raw/nushu_font/ğ›†´.jpg
ğ›†µ,69,åˆ’å‹é¸­,vwe5,https://github.com/yushiran/DLNLP_assignment_25/tree/main/data/raw/nushu_font/ğ›†µ.jpg
ğ›†¶,70,ä»–æ›²,twe33,https://github.com/yushiran/DLNLP_assignment_25/tree/main/data/raw/nushu_font/ğ›†¶.jpg
ğ›†·,72,ä¹‹æ»‹æ”¯,tswe44,https://github.com/yushiran/DLNLP_assignment_25/tree/main/data/raw/nushu_font/ğ›†·.jpg
ğ›†¸,73,åŒ™æ—¶,swe42,https://github.com/yushiran/DLNLP_assignment_25/tree/main/data/raw/nushu_font/ğ›†¸.jpg
ğ›†¹,74,èµå£«æ˜¯æ°ä»•åäº‹å®ä¾å¸ˆè¯—å°¸ç‹®è§†å¸‚ç¤ºå²,swe13,https://github.com/yushiran/DLNLP_assignment_25/tree/main/data/raw/nushu_font/ğ›†¹.jpg
ğ›†º,75,ä¸»çˆªå·±å‡ çºªä¸¾ç¼´,tci35,https://github.com/yushiran/DLNLP_assignment_25/tree/main/data/raw/nushu_font/ğ›†º.jpg
ğ›†»,111,å½»å–œæ•ç§è‚¿ç´§é”¦å°‘èµ·ç Œ,ci35,https://github.com/yushiran/DLNLP_assignment_25/tree/main/data/raw/nushu_font/ğ›†».jpg
ğ›†¼,76,ä¸€ä»¥å¶,i5,https://github.com/yushiran/DLNLP_assignment_25/tree/main/data/raw/nushu_font/ğ›†¼.jpg
ğ›†½,77,çŒªç»¿æ–™æ—…é©´,liu44,https://github.com/yushiran/DLNLP_assignment_25/tree/main/data/raw/nushu_font/ğ›†½.jpg
ğ›†¾,78,å°¿,njiu33,https://github.com/yushiran/DLNLP_assignment_25/tree/main/data/raw/nushu_font/ğ›†¾.jpg
ğ›†¿,79,å°‘ç¨,ciu35,https://github.com/yushiran/DLNLP_assignment_25/tree/main/data/raw/nushu_font/ğ›†¿.jpg
ğ›‡€,80,æ¯é©¬æœ¨ç›®å¢“éº¦ç£¨éº»äº©ç‰¡,mu13,https://github.com/yushiran/DLNLP_assignment_25/tree/main/data/raw/nushu_font/ğ›‡€.jpg
ğ›‡,81,æ‹¿å¤œåˆä¹Ÿå³ä½‘äº¦å¿§è¦åŒ€è‹¥,yu44,https://github.com/yushiran/DLNLP_assignment_25/tree/main/data/raw/nushu_font/ğ›‡.jpg
ğ›‡‚,82,ç¿ å»è¶£æ¬ºå–å¨¶åŒº,tchy21,https://github.com/yushiran/DLNLP_assignment_25/tree/main/data/raw/nushu_font/ğ›‡‚.jpg
ğ›‡ƒ,83,æœˆé‡å¤–,njy33,https://github.com/yushiran/DLNLP_assignment_25/tree/main/data/raw/nushu_font/ğ›‡ƒ.jpg
ğ›‡„,84,ä½™ç§»æ¬²æ„šä¸å…¥å¦‚,y42,https://github.com/yushiran/DLNLP_assignment_25/tree/main/data/raw/nushu_font/ğ›‡„.jpg
ğ›‡…,85,æœ¬è¡¨,pai35,https://github.com/yushiran/DLNLP_assignment_25/tree/main/data/raw/nushu_font/ğ›‡….jpg
ğ›‡†,89,æƒ­æ­£å¸æ”¿è½¬æ•´è¯Šæ‹¯é•œæ•¬ç«Ÿå·çœ·äº¬æƒŠæ¸é¢ˆæ™¯äº•è­¦,pai35,https://github.com/yushiran/DLNLP_assignment_25/tree/main/data/raw/nushu_font/ğ›‡†.jpg
ğ›‡‡,87,æ€œæ—æ·‹éºŸåŠ³åƒš,lai42,https://github.com/yushiran/DLNLP_assignment_25/tree/main/data/raw/nushu_font/ğ›‡‡.jpg
ğ›‡ˆ,86,æ—¥å…¥å„¿è€Œå°”æ©,ai42,https://github.com/yushiran/DLNLP_assignment_25/tree/main/data/raw/nushu_font/ğ›‡ˆ.jpg
ğ›‡‰,88,å£è‚¯å¥½æ,hau35,https://github.com/yushiran/DLNLP_assignment_25/tree/main/data/raw/nushu_font/ğ›‡‰.jpg
ğ›‡Š,90,è„‘æŠ•å¤´å¥—,tou42,https://github.com/yushiran/DLNLP_assignment_25/tree/main/data/raw/nushu_font/ğ›‡Š.jpg
ğ›‡‹,91,æŸ³æµç•™åˆ˜æ¦´æºœ,liou42,https://github.com/yushiran/DLNLP_assignment_25/tree/main/data/raw/nushu_font/ğ›‡‹.jpg
ğ›‡Œ,92,åå¾Œ,iou13,https://github.com/yushiran/DLNLP_assignment_25/tree/main/data/raw/nushu_font/ğ›‡Œ.jpg
ğ›‡,94,ä½œå·¦,tsew35,https://github.com/yushiran/DLNLP_assignment_25/tree/main/data/raw/nushu_font/ğ›‡.jpg
ğ›‡,93,ååšä½œç»¼,tsew21,https://github.com/yushiran/DLNLP_assignment_25/tree/main/data/raw/nushu_font/ğ›‡.jpg
ğ›‡,95,ç”Ÿå±±ç”¥ç‰²ç¬™è¡«æ¢­é¦Šè…®,suow44,https://github.com/yushiran/DLNLP_assignment_25/tree/main/data/raw/nushu_font/ğ›‡.jpg
ğ›‡,97,è¡Œé—²ç›¸æé™å¹¸è¿˜è¡¡çƒ¦,huow42,https://github.com/yushiran/DLNLP_assignment_25/tree/main/data/raw/nushu_font/ğ›‡.jpg
ğ›‡‘,96,å,huow35,https://github.com/yushiran/DLNLP_assignment_25/tree/main/data/raw/nushu_font/ğ›‡‘.jpg
ğ›‡’,148,å¤–ç¨³,nguw33,https://github.com/yushiran/DLNLP_assignment_25/tree/main/data/raw/nushu_font/ğ›‡’.jpg
ğ›‡“,98,çœ‰å¿™èŒ«è’™ç›²ç’è¿·çœ¯è›®,mang42,https://github.com/yushiran/DLNLP_assignment_25/tree/main/data/raw/nushu_font/ğ›‡“.jpg
ğ›‡”,101,æ±¤,thang44,https://github.com/yushiran/DLNLP_assignment_25/tree/main/data/raw/nushu_font/ğ›‡”.jpg
ğ›‡•,99,é—´å‡çƒ˜å…‰å®˜åˆšåŠŸè‚å† é’¢å¹²å†ˆç”˜æ£ºå²—ç¼¸æŸ‘è§‚å…¬å…³é¦†èµ¶æ•¢ç®¡æ„Ÿå¹¿æ†,kang44,https://github.com/yushiran/DLNLP_assignment_25/tree/main/data/raw/nushu_font/ğ›‡•.jpg
ğ›‡–,100,äº®è°…é‡,liang33,https://github.com/yushiran/DLNLP_assignment_25/tree/main/data/raw/nushu_font/ğ›‡–.jpg
ğ›‡—,102,é•¿æ’‘æŒè®²,tciang35,https://github.com/yushiran/DLNLP_assignment_25/tree/main/data/raw/nushu_font/ğ›‡—.jpg
ğ›‡˜,103,å¨˜,njiang42,https://github.com/yushiran/DLNLP_assignment_25/tree/main/data/raw/nushu_font/ğ›‡˜.jpg
ğ›‡™,105,ä¾¿è¾¹é­è¾«ç‰‡å,peng44,https://github.com/yushiran/DLNLP_assignment_25/tree/main/data/raw/nushu_font/ğ›‡™.jpg
ğ›‡š,104,å…ˆä»™é²œ,seng44,https://github.com/yushiran/DLNLP_assignment_25/tree/main/data/raw/nushu_font/ğ›‡š.jpg
ğ›‡›,107,ä¸™è¯„å¹³ç“¶,piong42,https://github.com/yushiran/DLNLP_assignment_25/tree/main/data/raw/nushu_font/ğ›‡›.jpg
ğ›‡œ,106,å¬,tshiong21,https://github.com/yushiran/DLNLP_assignment_25/tree/main/data/raw/nushu_font/ğ›‡œ.jpg
ğ›‡,108,å è§å»ºæ•¬ä»¶,tcing21,https://github.com/yushiran/DLNLP_assignment_25/tree/main/data/raw/nushu_font/ğ›‡.jpg
ğ›‡,109,ç¬”,pa5,https://github.com/yushiran/DLNLP_assignment_25/tree/main/data/raw/nushu_font/ğ›‡.jpg
ğ›‡Ÿ,110,çŸ¥ç«‹æ³ªè™‘å‰åˆ©ç¬ é›·,la33,https://github.com/yushiran/DLNLP_assignment_25/tree/main/data/raw/nushu_font/ğ›‡Ÿ.jpg
ğ›‡ ,123,æ­¤é½¿åˆºæ¬¡å†™äº›ä¼çœä¸”,sie35,https://github.com/yushiran/DLNLP_assignment_25/tree/main/data/raw/nushu_font/ğ›‡ .jpg
ğ›‡¡,394,æ¯‘,tcie35,https://github.com/yushiran/DLNLP_assignment_25/tree/main/data/raw/nushu_font/ğ›‡¡.jpg
ğ›‡¢,395,ä¸ªæ´¾,ie21,https://github.com/yushiran/DLNLP_assignment_25/tree/main/data/raw/nushu_font/ğ›‡¢.jpg
ğ›‡£,113,æŠ¥è¢«æ‹œæ‘†è·›è´¥æ‹”æ²¸çš®,poe21,https://github.com/yushiran/DLNLP_assignment_25/tree/main/data/raw/nushu_font/ğ›‡£.jpg
ğ›‡¤,115,æ¥,loe42,https://github.com/yushiran/DLNLP_assignment_25/tree/main/data/raw/nushu_font/ğ›‡¤.jpg
ğ›‡¥,116,åœ¨å†è½½å€ºç¾æ ½,tsoe13,https://github.com/yushiran/DLNLP_assignment_25/tree/main/data/raw/nushu_font/ğ›‡¥.jpg
ğ›‡¦,117,é‡‡æ’è¸©ç…æ€åˆ¹æ­»,soe5,https://github.com/yushiran/DLNLP_assignment_25/tree/main/data/raw/nushu_font/ğ›‡¦.jpg
ğ›‡§,118,æ©è¡—é˜¶çš†æ¶ä»·å«ä»‹ä¹–è¯¥æ”¹ç›–å‘Šæ€ª,koe44,https://github.com/yushiran/DLNLP_assignment_25/tree/main/data/raw/nushu_font/ğ›‡§.jpg
ğ›‡¨,119,å¿«å—,khuoe21,https://github.com/yushiran/DLNLP_assignment_25/tree/main/data/raw/nushu_font/ğ›‡¨.jpg
ğ›‡©,120,å¿§å¤œè¿é‡ç›Šé—°æƒ¹å¼±,ye21,https://github.com/yushiran/DLNLP_assignment_25/tree/main/data/raw/nushu_font/ğ›‡©.jpg
ğ›‡ª,121,æŠŠç™½å§ä¾¿å˜æ‹åŸ¹,pwe33,https://github.com/yushiran/DLNLP_assignment_25/tree/main/data/raw/nushu_font/ğ›‡ª.jpg
ğ›‡«,122,ç™¾ä½°æŸåŒ—æ‹”æ‹¨ç¼½è¿«æ‹æ³¼,pwe5,https://github.com/yushiran/DLNLP_assignment_25/tree/main/data/raw/nushu_font/ğ›‡«.jpg
ğ›‡¬,124,æ—¢æ°”å¼ƒå¥‘,tchi21,https://github.com/yushiran/DLNLP_assignment_25/tree/main/data/raw/nushu_font/ğ›‡¬.jpg
ğ›‡­,125,é™¤å¨ä½æŸ±åŠ©è¶³èšæ¨µ,tsiu33,https://github.com/yushiran/DLNLP_assignment_25/tree/main/data/raw/nushu_font/ğ›‡­.jpg
ğ›‡®,126,é‹å’Œä½•è´è·èƒ¡è±ªæ¯«è€—èŠ™æ‰¶,fu42,https://github.com/yushiran/DLNLP_assignment_25/tree/main/data/raw/nushu_font/ğ›‡®.jpg
ğ›‡¯,129,å¬·ç¦¾å’Œé›¨é¹…æ— æ­¦ä¹Œ,vu42,https://github.com/yushiran/DLNLP_assignment_25/tree/main/data/raw/nushu_font/ğ›‡¯.jpg
ğ›‡°,127,è‹¦æ¯è™æ¹–å¤æœé¼“è‚¡æ•…è¿‡å›º,khu35,https://github.com/yushiran/DLNLP_assignment_25/tree/main/data/raw/nushu_font/ğ›‡°.jpg
ğ›‡±,128,å“­å±‹,hu5,https://github.com/yushiran/DLNLP_assignment_25/tree/main/data/raw/nushu_font/ğ›‡±.jpg
ğ›‡²,130,æ‹¨èƒŒæ¯å˜åœéœ¸å¦‡é™ªæ‹æ€•å¸•é…èµ”è˜,pw13,https://github.com/yushiran/DLNLP_assignment_25/tree/main/data/raw/nushu_font/ğ›‡².jpg
ğ›‡³,131,åå›è´¹,fw42,https://github.com/yushiran/DLNLP_assignment_25/tree/main/data/raw/nushu_font/ğ›‡³.jpg
ğ›‡´,135,æ›¾ä¾„è‰²å¡æ˜¯å§‹ä½¿é€‚å®¿,sw5,https://github.com/yushiran/DLNLP_assignment_25/tree/main/data/raw/nushu_font/ğ›‡´.jpg
ğ›‡µ,132,æ»‘è‘›å‰²ç‰©,kw5,https://github.com/yushiran/DLNLP_assignment_25/tree/main/data/raw/nushu_font/ğ›‡µ.jpg
ğ›‡¶,133,å¼€å­©å®³,hw44,https://github.com/yushiran/DLNLP_assignment_25/tree/main/data/raw/nushu_font/ğ›‡¶.jpg
ğ›‡·,134,é—¨æ°‘æ¯›çœ‰é—»,mai42,https://github.com/yushiran/DLNLP_assignment_25/tree/main/data/raw/nushu_font/ğ›‡·.jpg
ğ›‡¸,136,å,thai44,https://github.com/yushiran/DLNLP_assignment_25/tree/main/data/raw/nushu_font/ğ›‡¸.jpg
ğ›‡¹,137,è¾›å¿ƒæ–°æ£®,sai44,https://github.com/yushiran/DLNLP_assignment_25/tree/main/data/raw/nushu_font/ğ›‡¹.jpg
ğ›‡º,138,æ‚¯å¿ƒæ–°,sai44,https://github.com/yushiran/DLNLP_assignment_25/tree/main/data/raw/nushu_font/ğ›‡º.jpg
ğ›‡»,139,è®¨,thau35,https://github.com/yushiran/DLNLP_assignment_25/tree/main/data/raw/nushu_font/ğ›‡».jpg
ğ›‡¼,140,è€åˆ°å€’æ–—é“ç¨»å‡³æ±ª,lau21,https://github.com/yushiran/DLNLP_assignment_25/tree/main/data/raw/nushu_font/ğ›‡¼.jpg
ğ›‡½,112,è€åˆ°å‡³,lau21,https://github.com/yushiran/DLNLP_assignment_25/tree/main/data/raw/nushu_font/ğ›‡½.jpg
ğ›‡¾,114,æ˜åé¸£å“ªæŠ›,nou33,https://github.com/yushiran/DLNLP_assignment_25/tree/main/data/raw/nushu_font/ğ›‡¾.jpg
ğ›‡¿,141,é˜æç½,kou33,https://github.com/yushiran/DLNLP_assignment_25/tree/main/data/raw/nushu_font/ğ›‡¿.jpg
ğ›ˆ€,142,ä¼‘æ”¶å²¸,ciou44,https://github.com/yushiran/DLNLP_assignment_25/tree/main/data/raw/nushu_font/ğ›ˆ€.jpg
ğ›ˆ‚,143,åµæ‰€é”,sew35,https://github.com/yushiran/DLNLP_assignment_25/tree/main/data/raw/nushu_font/ğ›ˆ‚.jpg
ğ›ˆ,144,è½æ´›ä¸¹å¤šå•,lew44,https://github.com/yushiran/DLNLP_assignment_25/tree/main/data/raw/nushu_font/ğ›ˆ.jpg
ğ›ˆƒ,145,ç‚­,thuow21,https://github.com/yushiran/DLNLP_assignment_25/tree/main/data/raw/nushu_font/ğ›ˆƒ.jpg
ğ›ˆ„,146,ä¸‡æ¹¾å¼¯,uow33,https://github.com/yushiran/DLNLP_assignment_25/tree/main/data/raw/nushu_font/ğ›ˆ„.jpg
ğ›ˆ…,147,ç”²å˜‰ä»·å›½éš”æ ¼å¯¡è‚¡æœæ»š,kuw5,https://github.com/yushiran/DLNLP_assignment_25/tree/main/data/raw/nushu_font/ğ›ˆ….jpg
ğ›ˆ†,149,ä¼ ç¨‹å‘ˆç¼ å…¨æƒæ³‰ä¹¾æ‹³,tcyn42,https://github.com/yushiran/DLNLP_assignment_25/tree/main/data/raw/nushu_font/ğ›ˆ†.jpg
ğ›ˆ‡,150,æ˜ é™¢è‹‘å½±,yn35,https://github.com/yushiran/DLNLP_assignment_25/tree/main/data/raw/nushu_font/ğ›ˆ‡.jpg
ğ›ˆˆ,151,å¿˜æœ›æ‰å¦„æ±ª,vang33,https://github.com/yushiran/DLNLP_assignment_25/tree/main/data/raw/nushu_font/ğ›ˆˆ.jpg
ğ›ˆ‰,152,åºŠè—åº„å¦†è£…å®—æ¡©çŠ¶æ’æµ…,tsang44,https://github.com/yushiran/DLNLP_assignment_25/tree/main/data/raw/nushu_font/ğ›ˆ‰.jpg
ğ›ˆŠ,153,æ …åŒéœœæ¡‘é…¸ä¸§,sang44,https://github.com/yushiran/DLNLP_assignment_25/tree/main/data/raw/nushu_font/ğ›ˆŠ.jpg
ğ›ˆ‹,155,å­”,khang35,https://github.com/yushiran/DLNLP_assignment_25/tree/main/data/raw/nushu_font/ğ›ˆ‹.jpg
ğ›ˆŒ,154,ä¸­ç« ç»ˆå¼ å¿ ä¸“æ¶¨æ¨Ÿæ±Ÿå§œç–†æ­å®«åˆšé’¢å…¬å…±ä¾›å¼“,tciang44,https://github.com/yushiran/DLNLP_assignment_25/tree/main/data/raw/nushu_font/ğ›ˆŒ.jpg
ğ›ˆ,156,ç”¨å…»æ ·å¤®è®©,iang13,https://github.com/yushiran/DLNLP_assignment_25/tree/main/data/raw/nushu_font/ğ›ˆ.jpg
ğ›ˆ,157,å«ç”°,teng42,https://github.com/yushiran/DLNLP_assignment_25/tree/main/data/raw/nushu_font/ğ›ˆ.jpg
ğ›ˆ,158,å¿µé—¹æ€’å“ªå†…ä¾¬ç‚¼ç»ƒè”éªŒç šè‰³ç ”,neng33,https://github.com/yushiran/DLNLP_assignment_25/tree/main/data/raw/nushu_font/ğ›ˆ.jpg
ğ›ˆ,159,ç—…å…µç¯‡æ‹¼,piong33,https://github.com/yushiran/DLNLP_assignment_25/tree/main/data/raw/nushu_font/ğ›ˆ.jpg
ğ›ˆ‘,160,å‘½,miong33,https://github.com/yushiran/DLNLP_assignment_25/tree/main/data/raw/nushu_font/ğ›ˆ‘.jpg
ğ›ˆ’,161,æˆåŸè¯šèˆ¹æ‚¬å‡¡ç››,ciong42,https://github.com/yushiran/DLNLP_assignment_25/tree/main/data/raw/nushu_font/ğ›ˆ’.jpg
ğ›ˆ“,162,åœ£,ciong21,https://github.com/yushiran/DLNLP_assignment_25/tree/main/data/raw/nushu_font/ğ›ˆ“.jpg
ğ›ˆ”,163,è¨€ç„¶,njing42,https://github.com/yushiran/DLNLP_assignment_25/tree/main/data/raw/nushu_font/ğ›ˆ”.jpg
ğ›ˆ•,164,æš—æ¡ˆé‚€é¢œå²©ç¡¬äº”ç¢—æˆ‘ä½,ng13,https://github.com/yushiran/DLNLP_assignment_25/tree/main/data/raw/nushu_font/ğ›ˆ•.jpg
ğ›ˆ–,165,æ—©å§Šèµ°æ¾¡ç›è€…,tsa35,https://github.com/yushiran/DLNLP_assignment_25/tree/main/data/raw/nushu_font/ğ›ˆ–.jpg
ğ›ˆ—,166,å››æ•£æ™’ç˜¦æ‰«,sa21,https://github.com/yushiran/DLNLP_assignment_25/tree/main/data/raw/nushu_font/ğ›ˆ—.jpg
ğ›ˆ˜,167,å½’è§„é¾Ÿå…³,kua44,https://github.com/yushiran/DLNLP_assignment_25/tree/main/data/raw/nushu_font/ğ›ˆ˜.jpg
ğ›ˆ™,168,é¬¼ç™¸è¯¡,kua35,https://github.com/yushiran/DLNLP_assignment_25/tree/main/data/raw/nushu_font/ğ›ˆ™.jpg
ğ›ˆš,59,å‡º,cya5,https://github.com/yushiran/DLNLP_assignment_25/tree/main/data/raw/nushu_font/ğ›ˆš.jpg
ğ›ˆ›,170,å…´ç”³èº«æ·±å‡ä¼¸å‰©,cie44,https://github.com/yushiran/DLNLP_assignment_25/tree/main/data/raw/nushu_font/ğ›ˆ›.jpg
ğ›ˆœ,171,æ´¾,phoe35,https://github.com/yushiran/DLNLP_assignment_25/tree/main/data/raw/nushu_font/ğ›ˆœ.jpg
ğ›ˆ,172,æ€€,foe42,https://github.com/yushiran/DLNLP_assignment_25/tree/main/data/raw/nushu_font/ğ›ˆ.jpg
ğ›ˆ,173,è¾£ä¿«,loe35,https://github.com/yushiran/DLNLP_assignment_25/tree/main/data/raw/nushu_font/ğ›ˆ.jpg
ğ›ˆŸ,182,çŒœå·®,tshoe44,https://github.com/yushiran/DLNLP_assignment_25/tree/main/data/raw/nushu_font/ğ›ˆŸ.jpg
ğ›ˆ ,174,èœè”¡,tshoe21,https://github.com/yushiran/DLNLP_assignment_25/tree/main/data/raw/nushu_font/ğ›ˆ .jpg
ğ›ˆ¡,175,è¡£,oe44,https://github.com/yushiran/DLNLP_assignment_25/tree/main/data/raw/nushu_font/ğ›ˆ¡.jpg
ğ›ˆ¢,211,æ‰¯è ¢æ‰˜æ‹–ç‰µ,tchye35,https://github.com/yushiran/DLNLP_assignment_25/tree/main/data/raw/nushu_font/ğ›ˆ¢.jpg
ğ›ˆ£,176,è¦å¤èŠ±è¯ç°æ‚”ç”»,fwe44,https://github.com/yushiran/DLNLP_assignment_25/tree/main/data/raw/nushu_font/ğ›ˆ£.jpg
ğ›ˆ¤,177,è‡ªå­—ä¹‹æè„‚å§¿æ»‹å…¹æ”¯åªè´¼åˆ¶åˆ™å¯º,tswe33,https://github.com/yushiran/DLNLP_assignment_25/tree/main/data/raw/nushu_font/ğ›ˆ¤.jpg
ğ›ˆ¥,169,é€†å­½æ³¥ä¸šçƒ­,ni33,https://github.com/yushiran/DLNLP_assignment_25/tree/main/data/raw/nushu_font/ğ›ˆ¥.jpg
ğ›ˆ¦,178,åˆ‡,tshi5,https://github.com/yushiran/DLNLP_assignment_25/tree/main/data/raw/nushu_font/ğ›ˆ¦.jpg
ğ›ˆ§,179,å¦¾,tshi5,https://github.com/yushiran/DLNLP_assignment_25/tree/main/data/raw/nushu_font/ğ›ˆ§.jpg
ğ›ˆ¨,180,è¥¿çŠ€æ¶ˆè‚–å®µé€æ¯«å¦»å‡„,si44,https://github.com/yushiran/DLNLP_assignment_25/tree/main/data/raw/nushu_font/ğ›ˆ¨.jpg
ğ›ˆ©,181,åˆå–æœä¼ä»˜èµ´åŠ¡,fu33,https://github.com/yushiran/DLNLP_assignment_25/tree/main/data/raw/nushu_font/ğ›ˆ©.jpg
ğ›ˆ»,183,æˆ‘ç“¦,ngu13,https://github.com/yushiran/DLNLP_assignment_25/tree/main/data/raw/nushu_font/ğ›ˆ».jpg
ğ›ˆ«,185,å¤„,tchyu21,https://github.com/yushiran/DLNLP_assignment_25/tree/main/data/raw/nushu_font/ğ›ˆ«.jpg
ğ›ˆ¬,184,ä¹¦è¾“èˆ’æ ‘èµç²Ÿ,cyu44,https://github.com/yushiran/DLNLP_assignment_25/tree/main/data/raw/nushu_font/ğ›ˆ¬.jpg
ğ›ˆ­,186,è­¬ä½©è¿«é…,phw21,https://github.com/yushiran/DLNLP_assignment_25/tree/main/data/raw/nushu_font/ğ›ˆ­.jpg
ğ›ˆ®,187,é­‚åŸ,fai42,https://github.com/yushiran/DLNLP_assignment_25/tree/main/data/raw/nushu_font/ğ›ˆ®.jpg
ğ›ˆ¯,188,é•¿é‡çš‚å°½è¿›ç¥­è®²,tsai13,https://github.com/yushiran/DLNLP_assignment_25/tree/main/data/raw/nushu_font/ğ›ˆ¯.jpg
ğ›ˆ°,189,ç‰›æ¥¼åŠ³,lou42,https://github.com/yushiran/DLNLP_assignment_25/tree/main/data/raw/nushu_font/ğ›ˆ°.jpg
ğ›ˆ±,192,åº§æµŠæ˜¨ä½œ,tsou5,https://github.com/yushiran/DLNLP_assignment_25/tree/main/data/raw/nushu_font/ğ›ˆ±.jpg
ğ›ˆ²,190,åŒ…èƒå‰¥é¥±æŠ›,piou44,https://github.com/yushiran/DLNLP_assignment_25/tree/main/data/raw/nushu_font/ğ›ˆ².jpg
ğ›ˆ³,191,èŒ…å¯è‹—é…‰,miou13,https://github.com/yushiran/DLNLP_assignment_25/tree/main/data/raw/nushu_font/ğ›ˆ³.jpg
ğ›ˆ´,193,è‡­,tchiou21,https://github.com/yushiran/DLNLP_assignment_25/tree/main/data/raw/nushu_font/ğ›ˆ´.jpg
ğ›ˆµ,194,è‚‰,njiou33,https://github.com/yushiran/DLNLP_assignment_25/tree/main/data/raw/nushu_font/ğ›ˆµ.jpg
ğ›ˆ¶,195,é…‰æœ‰å‹å¹¼ä¸,iou13,https://github.com/yushiran/DLNLP_assignment_25/tree/main/data/raw/nushu_font/ğ›ˆ¶.jpg
ğ›ˆ·,198,éš¾èƒ½,nuow42,https://github.com/yushiran/DLNLP_assignment_25/tree/main/data/raw/nushu_font/ğ›ˆ·.jpg
ğ›ˆ¸,197,é—´æ›´è€•,kuow44,https://github.com/yushiran/DLNLP_assignment_25/tree/main/data/raw/nushu_font/ğ›ˆ¸.jpg
ğ›ˆ¹,196,å–Š,huow21,https://github.com/yushiran/DLNLP_assignment_25/tree/main/data/raw/nushu_font/ğ›ˆ¹.jpg
ğ›ˆº,200,åŠèˆ¬å¸®æ¬ä¼´å•„é¥­æ”¾åˆ¤èƒ–,pang44,https://github.com/yushiran/DLNLP_assignment_25/tree/main/data/raw/nushu_font/ğ›ˆº.jpg
ğ›ˆª,202,ä½ æ¼,ang21,https://github.com/yushiran/DLNLP_assignment_25/tree/main/data/raw/nushu_font/ğ›ˆª.jpg
ğ›ˆ¼,205,åƒç›¸çºµä¸ˆå°†æµ†è’‹åŒ ,tsiang44,https://github.com/yushiran/DLNLP_assignment_25/tree/main/data/raw/nushu_font/ğ›ˆ¼.jpg
ğ›ˆ½,204,é•¿ä»è¯¦ç¥¥å¢™,tsiang42,https://github.com/yushiran/DLNLP_assignment_25/tree/main/data/raw/nushu_font/ğ›ˆ½.jpg
ğ›ˆ¾,199,æš–å¸¸å°å¿é›„ç†Šè£³,ciang42,https://github.com/yushiran/DLNLP_assignment_25/tree/main/data/raw/nushu_font/ğ›ˆ¾.jpg
ğ›ˆ¿,206,é˜³ç¾Šæ¨æ‰¬æ´‹å®¹è“‰ç»’è,iang42,https://github.com/yushiran/DLNLP_assignment_25/tree/main/data/raw/nushu_font/ğ›ˆ¿.jpg
ğ›‰€,209,å®çµé›¶é¾„è®º,liong42,https://github.com/yushiran/DLNLP_assignment_25/tree/main/data/raw/nushu_font/ğ›‰€.jpg
ğ›‰,207,è¯·,tshiong35,https://github.com/yushiran/DLNLP_assignment_25/tree/main/data/raw/nushu_font/ğ›‰.jpg
ğ›‰‚,208,å…„å£°,ciong44,https://github.com/yushiran/DLNLP_assignment_25/tree/main/data/raw/nushu_font/ğ›‰‚.jpg
ğ›‰ƒ,210,æ˜¾é™©æ€ç°æ‰‡,cing35,https://github.com/yushiran/DLNLP_assignment_25/tree/main/data/raw/nushu_font/ğ›‰ƒ.jpg
ğ›‰„,212,é‡Œç†é²¤æå±¥æ‡’è£¹æ—¦,la13,https://github.com/yushiran/DLNLP_assignment_25/tree/main/data/raw/nushu_font/ğ›‰„.jpg
ğ›‰…,213,å‚å©¿å·è°è¯‰æ•°ç¡è¿°éšè™½,cya42,https://github.com/yushiran/DLNLP_assignment_25/tree/main/data/raw/nushu_font/ğ›‰….jpg
ğ›‰†,214,æ’åŒ¹,poe42,https://github.com/yushiran/DLNLP_assignment_25/tree/main/data/raw/nushu_font/ğ›‰†.jpg
ğ›‰‡,216,èƒ,thoe44,https://github.com/yushiran/DLNLP_assignment_25/tree/main/data/raw/nushu_font/ğ›‰‡.jpg
ğ›‰ˆ,215,å“ªå¥ˆè€æŒª,noe33,https://github.com/yushiran/DLNLP_assignment_25/tree/main/data/raw/nushu_font/ğ›‰ˆ.jpg
ğ›‰‰,271,é’—å·®ç¼ å·æä¹¾,tshoe44,https://github.com/yushiran/DLNLP_assignment_25/tree/main/data/raw/nushu_font/ğ›‰‰.jpg
ğ›‰Š,217,å®…åŠ©å®¶åŠ ä½³ç“œ,kue44,https://github.com/yushiran/DLNLP_assignment_25/tree/main/data/raw/nushu_font/ğ›‰Š.jpg
ğ›‰¨,218,å‡ä»·é©¾å¯¡,kue35,https://github.com/yushiran/DLNLP_assignment_25/tree/main/data/raw/nushu_font/ğ›‰¨.jpg
ğ›‰Œ,219,æ©å«æ¶ä»·è¡—çš†é˜¶æŒ‚æ€ªå¦ä¹–,kue21,https://github.com/yushiran/DLNLP_assignment_25/tree/main/data/raw/nushu_font/ğ›‰Œ.jpg
ğ›‰,220,çˆ¹äº‘çˆ·åŒ€ä¹Œæ±¡,ye42,https://github.com/yushiran/DLNLP_assignment_25/tree/main/data/raw/nushu_font/ğ›‰.jpg
ğ›‰,221,æ¯”å½¼æŠŠå®ä¿æ¿å£è¢«å©¢æ‘†æ¦œæ‰³,pwe35,https://github.com/yushiran/DLNLP_assignment_25/tree/main/data/raw/nushu_font/ğ›‰.jpg
ğ›‰,222,å“‘,vwe35,https://github.com/yushiran/DLNLP_assignment_25/tree/main/data/raw/nushu_font/ğ›‰.jpg
ğ›‰,224,é“è¸¢è´´,thi5,https://github.com/yushiran/DLNLP_assignment_25/tree/main/data/raw/nushu_font/ğ›‰.jpg
ğ›‰‘,226,å±‚èš•é‡‡èµ æ–‹å°½è¿›è°ƒé½æ¨µ,tsi42,https://github.com/yushiran/DLNLP_assignment_25/tree/main/data/raw/nushu_font/ğ›‰‘.jpg
ğ›‰’,225,æ®‹æƒ¨ç¥­å¨‡æµç§¦é½,tsi42,https://github.com/yushiran/DLNLP_assignment_25/tree/main/data/raw/nushu_font/ğ›‰’.jpg
ğ›‰“,227,ç»ªåˆ¶ç…§å…†èµµç«™æ¤å æ³¨è®¡è®°å­£å¯„è·½ç»§æ—¢å«åŠå¿Œçºªæ¡‚ç›´,tci21,https://github.com/yushiran/DLNLP_assignment_25/tree/main/data/raw/nushu_font/ğ›‰“.jpg
ğ›‰”,228,ç…§èµµç§è®°å¯„,tci21,https://github.com/yushiran/DLNLP_assignment_25/tree/main/data/raw/nushu_font/ğ›‰”.jpg
ğ›‰•,229,è·³å‰ƒæ›¿,tshiu21,https://github.com/yushiran/DLNLP_assignment_25/tree/main/data/raw/nushu_font/ğ›‰•.jpg
ğ›‰–,230,æ­¥è–„æŠ±éƒ¨ç»æ™¡å¸ƒåšè¡¥å¤«è…¹ç”«å©†è’²ç ´é“ºæ‰‘,pu33,https://github.com/yushiran/DLNLP_assignment_25/tree/main/data/raw/nushu_font/ğ›‰–.jpg
ğ›‰—,232,èŒ¶æŸ¥é”„æ½,tsu42,https://github.com/yushiran/DLNLP_assignment_25/tree/main/data/raw/nushu_font/ğ›‰—.jpg
ğ›‰˜,233,é€¼è¾£ç™èµ–æ›´é¡¾å‘Šè¿‡æ•…ç›–çš„æ¨,ku21,https://github.com/yushiran/DLNLP_assignment_25/tree/main/data/raw/nushu_font/ğ›‰˜.jpg
ğ›‰™,234,ç æœ±æ‹„å…·,tcyu44,https://github.com/yushiran/DLNLP_assignment_25/tree/main/data/raw/nushu_font/ğ›‰™.jpg
ğ›‰š,235,ç‰æ¬²çªå¾€,njyu33,https://github.com/yushiran/DLNLP_assignment_25/tree/main/data/raw/nushu_font/ğ›‰š.jpg
ğ›‰›,236,å¤„å¨¶å–å²‚å¯,tchy35,https://github.com/yushiran/DLNLP_assignment_25/tree/main/data/raw/nushu_font/ğ›‰›.jpg
ğ›‰œ,237,åŒ—æ‹”,pw5,https://github.com/yushiran/DLNLP_assignment_25/tree/main/data/raw/nushu_font/ğ›‰œ.jpg
ğ›‰,238,æ‰¯æµ·å®³ç¬‹èˆæŸè€èˆœæ¨,hw35,https://github.com/yushiran/DLNLP_assignment_25/tree/main/data/raw/nushu_font/ğ›‰.jpg
ğ›‰,239,å“,phai35,https://github.com/yushiran/DLNLP_assignment_25/tree/main/data/raw/nushu_font/ğ›‰.jpg
ğ›‰Ÿ,240,æ…¢å­Ÿç±³è«éº¦æ¯èœœçœ¯åº™å¦™ä¹°è°‹ä¸é—®,mai33,https://github.com/yushiran/DLNLP_assignment_25/tree/main/data/raw/nushu_font/ğ›‰Ÿ.jpg
ğ›‰ ,241,ç­‰,lai35,https://github.com/yushiran/DLNLP_assignment_25/tree/main/data/raw/nushu_font/ğ›‰ .jpg
ğ›‰¡,242,ä¿¡è®¯é€å®‹,sai21,https://github.com/yushiran/DLNLP_assignment_25/tree/main/data/raw/nushu_font/ğ›‰¡.jpg
ğ›‰¢,243,çº¢æ´ªé¸¿,hai42,https://github.com/yushiran/DLNLP_assignment_25/tree/main/data/raw/nushu_font/ğ›‰¢.jpg
ğ›‰£,245,å†’å¸½,mau33,https://github.com/yushiran/DLNLP_assignment_25/tree/main/data/raw/nushu_font/ğ›‰£.jpg
ğ›‰¤,244,è‰åµç‚’æ¥šå¥—,tshau35,https://github.com/yushiran/DLNLP_assignment_25/tree/main/data/raw/nushu_font/ğ›‰¤.jpg
ğ›‰¥,300,å·,hau33,https://github.com/yushiran/DLNLP_assignment_25/tree/main/data/raw/nushu_font/ğ›‰¥.jpg
ğ›‰¦,246,å–ä¸ªå„é˜ææ¶,kou5,https://github.com/yushiran/DLNLP_assignment_25/tree/main/data/raw/nushu_font/ğ›‰¦.jpg
ğ›‰§,302,æ¬§,ou44,https://github.com/yushiran/DLNLP_assignment_25/tree/main/data/raw/nushu_font/ğ›‰§.jpg
ğ›‰‹,247,ç»¸è¢–æ€»å¤å°±å…±,tsiou33,https://github.com/yushiran/DLNLP_assignment_25/tree/main/data/raw/nushu_font/ğ›‰‹.jpg
ğ›‰©,248,ç•œç§‹,tshiou44,https://github.com/yushiran/DLNLP_assignment_25/tree/main/data/raw/nushu_font/ğ›‰©.jpg
ğ›‰ª,249,ç¾ä¿®,siou44,https://github.com/yushiran/DLNLP_assignment_25/tree/main/data/raw/nushu_font/ğ›‰ª.jpg
ğ›‰«,250,ç²¥ç¥è§’è§‰,tciou5,https://github.com/yushiran/DLNLP_assignment_25/tree/main/data/raw/nushu_font/ğ›‰«.jpg
ğ›‰¬,252,ä»‡é…¬æ•ˆæ ¡å­å­¦å¯¿å—æˆç†Ÿ,ciou13,https://github.com/yushiran/DLNLP_assignment_25/tree/main/data/raw/nushu_font/ğ›‰¬.jpg
ğ›‰­,253,é€šæ»©,thuow44,https://github.com/yushiran/DLNLP_assignment_25/tree/main/data/raw/nushu_font/ğ›‰­.jpg
ğ›‰®,254,å¥‰æ”¾,fang13,https://github.com/yushiran/DLNLP_assignment_25/tree/main/data/raw/nushu_font/ğ›‰®.jpg
ğ›‰¯,255,çªäº¡æ‰,vang5,https://github.com/yushiran/DLNLP_assignment_25/tree/main/data/raw/nushu_font/ğ›‰¯.jpg
ğ›‰°,256,å½“ç«¯,lang44,https://github.com/yushiran/DLNLP_assignment_25/tree/main/data/raw/nushu_font/ğ›‰°.jpg
ğ›‰±,257,èªçª—é¤ä»“è‹è‘¬æªè¿è…”æŠ¢,tshang44,https://github.com/yushiran/DLNLP_assignment_25/tree/main/data/raw/nushu_font/ğ›‰±.jpg
ğ›‰²,259,ç©ºåº·å®½å ª,khang44,https://github.com/yushiran/DLNLP_assignment_25/tree/main/data/raw/nushu_font/ğ›‰².jpg
ğ›‰³,258,ç ,khang5,https://github.com/yushiran/DLNLP_assignment_25/tree/main/data/raw/nushu_font/ğ›‰³.jpg
ğ›‰´,260,è‰¯ç²®é¾™å‡‰æ¢ç²±éš†äº®é‡,liang42,https://github.com/yushiran/DLNLP_assignment_25/tree/main/data/raw/nushu_font/ğ›‰´.jpg
ğ›‰µ,203,å‡‘ç›¸ç®±é•¶æ¹˜å¢æ¾,siang44,https://github.com/yushiran/DLNLP_assignment_25/tree/main/data/raw/nushu_font/ğ›‰µ.jpg
ğ›‰¶,261,é¦™ä¹¡èƒ¸ä¼¤å•†å°š,ciang44,https://github.com/yushiran/DLNLP_assignment_25/tree/main/data/raw/nushu_font/ğ›‰¶.jpg
ğ›‰·,314,å“äº«,ciang35,https://github.com/yushiran/DLNLP_assignment_25/tree/main/data/raw/nushu_font/ğ›‰·.jpg
ğ›‰¸,262,å¿µç‚¹å…¸,neng35,https://github.com/yushiran/DLNLP_assignment_25/tree/main/data/raw/nushu_font/ğ›‰¸.jpg
ğ›‰¹,263,çº¿è¿è²,leng42,https://github.com/yushiran/DLNLP_assignment_25/tree/main/data/raw/nushu_font/ğ›‰¹.jpg
ğ›‰º,264,ç”·å—,nong42,https://github.com/yushiran/DLNLP_assignment_25/tree/main/data/raw/nushu_font/ğ›‰º.jpg
ğ›‰»,265,èƒ†ä½†æ‹…å¦,long35,https://github.com/yushiran/DLNLP_assignment_25/tree/main/data/raw/nushu_font/ğ›‰».jpg
ğ›‰¼,266,å®å†·å²­é¢†å¦ä»¤çµé¾„é›¶ä¸é’‰,liong13,https://github.com/yushiran/DLNLP_assignment_25/tree/main/data/raw/nushu_font/ğ›‰¼.jpg
ğ›‰½,267,é™å‡€ç²¾ç›å®š,tsiong13,https://github.com/yushiran/DLNLP_assignment_25/tree/main/data/raw/nushu_font/ğ›‰½.jpg
ğ›‰¾,269,å‚æ˜Ÿå§“æ€§ç°ª,siong44,https://github.com/yushiran/DLNLP_assignment_25/tree/main/data/raw/nushu_font/ğ›‰¾.jpg
ğ›‰¿,270,å ç»åšå…¼è‚©,tcing44,https://github.com/yushiran/DLNLP_assignment_25/tree/main/data/raw/nushu_font/ğ›‰¿.jpg
ğ›Š€,272,ç¼ å±•æ²¾æ¡,tcing44,https://github.com/yushiran/DLNLP_assignment_25/tree/main/data/raw/nushu_font/ğ›Š€.jpg
ğ›Š,273,è´¤å«Œå½¢åˆ‘,cing42,https://github.com/yushiran/DLNLP_assignment_25/tree/main/data/raw/nushu_font/ğ›Š.jpg
ğ›Š‚,274,ä½ ç‡•å’½,ing21,https://github.com/yushiran/DLNLP_assignment_25/tree/main/data/raw/nushu_font/ğ›Š‚.jpg
ğ›Šƒ,275,ç£¨å®‰éåºµå—¯é¥¿ç¢—è¯¯,ng44,https://github.com/yushiran/DLNLP_assignment_25/tree/main/data/raw/nushu_font/ğ›Šƒ.jpg
ğ›Š„,276,ä¸ºå”¯å›´å¾®è¿ç»´ä¼ª,va42,https://github.com/yushiran/DLNLP_assignment_25/tree/main/data/raw/nushu_font/ğ›Š„.jpg
ğ›Š…,277,ååšä½œæ­»,sa35,https://github.com/yushiran/DLNLP_assignment_25/tree/main/data/raw/nushu_font/ğ›Š….jpg
ğ›Š†,278,é›·,lie42,https://github.com/yushiran/DLNLP_assignment_25/tree/main/data/raw/nushu_font/ğ›Š†.jpg
ğ›Š‡,279,é€€,tshie21,https://github.com/yushiran/DLNLP_assignment_25/tree/main/data/raw/nushu_font/ğ›Š‡.jpg
ğ›Šˆ,280,æ˜”æƒœé”¡ç§¯ç»©å€Ÿ,sie5,https://github.com/yushiran/DLNLP_assignment_25/tree/main/data/raw/nushu_font/ğ›Šˆ.jpg
ğ›Š‰,281,åƒå¼•åº”ä»»æˆ‘,ie13,https://github.com/yushiran/DLNLP_assignment_25/tree/main/data/raw/nushu_font/ğ›Š‰.jpg
ğ›ŠŠ,282,ä¹°å¬·åŸ‹å¥¶å°¾è,moe13,https://github.com/yushiran/DLNLP_assignment_25/tree/main/data/raw/nushu_font/ğ›ŠŠ.jpg
ğ›Š‹,283,æ‰å¸¦,loe21,https://github.com/yushiran/DLNLP_assignment_25/tree/main/data/raw/nushu_font/ğ›Š‹.jpg
ğ›ŠŒ,284,æ˜¥æ‘è½¦æ’‘,tchye44,https://github.com/yushiran/DLNLP_assignment_25/tree/main/data/raw/nushu_font/ğ›ŠŒ.jpg
ğ›Š,223,é´é€Šè®­å­™çŸ³é¡ºå°„ç¤¾èˆèµ¦ç¬‹åœ,cye44,https://github.com/yushiran/DLNLP_assignment_25/tree/main/data/raw/nushu_font/ğ›Š.jpg
ğ›Š,285,åˆ«ç¦»å˜ç¯±ç’ƒç½—,pi33,https://github.com/yushiran/DLNLP_assignment_25/tree/main/data/raw/nushu_font/ğ›Š.jpg
ğ›Š,286,æ¢¯,ti44,https://github.com/yushiran/DLNLP_assignment_25/tree/main/data/raw/nushu_font/ğ›Š.jpg
ğ›Š,287,å¸èŒæŠ˜ç»‡æ‰§é…Œæ±å‰ç»“æ€¥çº§å‡»åŠ«æ´è„šèŠå†³,tci5,https://github.com/yushiran/DLNLP_assignment_25/tree/main/data/raw/nushu_font/ğ›Š.jpg
ğ›Š‘,297,çš±ç„¦è•‰æ¤’,tsiu44,https://github.com/yushiran/DLNLP_assignment_25/tree/main/data/raw/nushu_font/ğ›Š‘.jpg
ğ›Š’,231,è…¹æ–§,pu5,https://github.com/yushiran/DLNLP_assignment_25/tree/main/data/raw/nushu_font/ğ›Š’.jpg
ğ›Š“,288,ç¥¸å¦‡å¯Œé™„è´Ÿ,fu21,https://github.com/yushiran/DLNLP_assignment_25/tree/main/data/raw/nushu_font/ğ›Š“.jpg
ğ›Š”,289,åœŸå¡”,thu35,https://github.com/yushiran/DLNLP_assignment_25/tree/main/data/raw/nushu_font/ğ›Š”.jpg
ğ›Š•,290,åŒ£æ²³å–Š,hu42,https://github.com/yushiran/DLNLP_assignment_25/tree/main/data/raw/nushu_font/ğ›Š•.jpg
ğ›Š–,291,è‘—ç€æƒ§å€ŸèŒç¥€,tcy13,https://github.com/yushiran/DLNLP_assignment_25/tree/main/data/raw/nushu_font/ğ›Š–.jpg
ğ›Š—,292,é›ªè¡€æ­‡ç¡•è®¾è¯†å®¤,cy5,https://github.com/yushiran/DLNLP_assignment_25/tree/main/data/raw/nushu_font/ğ›Š—.jpg
ğ›Š˜,293,é€¢æµ®æœ‹é™ªè´«è“¬ç›†è¢èµ”,pw42,https://github.com/yushiran/DLNLP_assignment_25/tree/main/data/raw/nushu_font/ğ›Š˜.jpg
ğ›Š™,294,åˆ»,khw5,https://github.com/yushiran/DLNLP_assignment_25/tree/main/data/raw/nushu_font/ğ›Š™.jpg
ğ›Šš,295,å¼„ä¸œç¯ç™»å†¬ä½,lai44,https://github.com/yushiran/DLNLP_assignment_25/tree/main/data/raw/nushu_font/ğ›Šš.jpg
ğ›Š›,296,è¾›å¿ƒæ–°,sai44,https://github.com/yushiran/DLNLP_assignment_25/tree/main/data/raw/nushu_font/ğ›Š›.jpg
ğ›Šœ,299,äº§å‡çœå«‚ä¼,sau35,https://github.com/yushiran/DLNLP_assignment_25/tree/main/data/raw/nushu_font/ğ›Šœ.jpg
ğ›Š,298,æ„æ²‰å°˜é™ˆæ’‘æ›¹é­è‡³å¿—æ™ºåˆ¶æ²»ç§è¯é•‡ç¦é«»ä¼¼ç©·å‹¤ç´èŠ¹,tsou42,https://github.com/yushiran/DLNLP_assignment_25/tree/main/data/raw/nushu_font/ğ›Š.jpg
ğ›Š,301,ç‰›,ngou42,https://github.com/yushiran/DLNLP_assignment_25/tree/main/data/raw/nushu_font/ğ›Š.jpg
ğ›ŠŸ,303,é…’,tsiou33,https://github.com/yushiran/DLNLP_assignment_25/tree/main/data/raw/nushu_font/ğ›ŠŸ.jpg
ğ›Š ,305,å’¬,njiou13,https://github.com/yushiran/DLNLP_assignment_25/tree/main/data/raw/nushu_font/ğ›Š .jpg
ğ›Š¡,304,æ³•å”,ciou5,https://github.com/yushiran/DLNLP_assignment_25/tree/main/data/raw/nushu_font/ğ›Š¡.jpg
ğ›Š¢,251,é±¼ç”±æ¸¸æ²¹çŠ¹å°¤è¡™ç‰™èŠ½æ¸”æŸ”å¨¥é¹…å´,iou42,https://github.com/yushiran/DLNLP_assignment_25/tree/main/data/raw/nushu_font/ğ›Š¢.jpg
ğ›Š£,306,è‹±,yn44,https://github.com/yushiran/DLNLP_assignment_25/tree/main/data/raw/nushu_font/ğ›Š£.jpg
ğ›Š¤,307,è¿Ÿåœ°èµåŒå ‚å›¢å¡˜ç«¥æ£ å”è°ˆæ¡ƒè„é€ƒç»Ÿ,tang42,https://github.com/yushiran/DLNLP_assignment_25/tree/main/data/raw/nushu_font/ğ›Š¤.jpg
ğ›Š¥,201,éƒç‹¼æœ—çŸ­å…šæŒ¡å½“ç«¯æ–­æ ‹,lang42,https://github.com/yushiran/DLNLP_assignment_25/tree/main/data/raw/nushu_font/ğ›Š¥.jpg
ğ›Š¦,311,å¹¿ç®¡æ•¢æ„Ÿèµ¶é¦†,kang35,https://github.com/yushiran/DLNLP_assignment_25/tree/main/data/raw/nushu_font/ğ›Š¦.jpg
ğ›Š§,308,ç³ æ¬¢è’æ±‰æ¢ç„•æ±—å”¤ç¿°æ—±,hang44,https://github.com/yushiran/DLNLP_assignment_25/tree/main/data/raw/nushu_font/ğ›Š§.jpg
ğ›Š¨,309,è¡Œè¡”å’¸é»„å¯’çš‡æ­å«éŸ©çƒ¦,hang42,https://github.com/yushiran/DLNLP_assignment_25/tree/main/data/raw/nushu_font/ğ›Š¨.jpg
ğ›Š©,310,æƒ³å“ç›¸ææŠ¢,siang35,https://github.com/yushiran/DLNLP_assignment_25/tree/main/data/raw/nushu_font/ğ›Š©.jpg
ğ›Šª,312,å±‚é•¿åƒè±¡é‡ä¸ˆä»—ç§å¸ä¼—å¥çš±ç¶çš‚é€ é™é¢‚,tciang13,https://github.com/yushiran/DLNLP_assignment_25/tree/main/data/raw/nushu_font/ğ›Šª.jpg
ğ›Š«,313,é¸³é¸¯ç§§è‹±å©´çƒŸæŸ“,iang44,https://github.com/yushiran/DLNLP_assignment_25/tree/main/data/raw/nushu_font/ğ›Š«.jpg
ğ›Š¬,315,æ¢…çœ åª’æ£‰ç»µæš,meng42,https://github.com/yushiran/DLNLP_assignment_25/tree/main/data/raw/nushu_font/ğ›Š¬.jpg
ğ›Š­,268,åœå»·äº­åº­å…æ¸…æƒ…æ™´é’,tsiong42,https://github.com/yushiran/DLNLP_assignment_25/tree/main/data/raw/nushu_font/ğ›Š­.jpg
ğ›Š®,316,å§“æ€§å¹¸çŠ¯å²é¸­,siong21,https://github.com/yushiran/DLNLP_assignment_25/tree/main/data/raw/nushu_font/ğ›Š®.jpg
ğ›Š¯,317,ç©¿å·è½»å¿å€¾,tchiong44,https://github.com/yushiran/DLNLP_assignment_25/tree/main/data/raw/nushu_font/ğ›Š¯.jpg
ğ›Š°,318,æ‚²ç¢‘è¢«å©¢å¤‡é¿æ‹”è¾ˆæ–‘è´,pa33,https://github.com/yushiran/DLNLP_assignment_25/tree/main/data/raw/nushu_font/ğ›Š°.jpg
ğ›Š±,349,è„±,tshie5,https://github.com/yushiran/DLNLP_assignment_25/tree/main/data/raw/nushu_font/ğ›Š±.jpg
ğ›Š²,319,æƒœæ˜”è‚¯æ¨æ†¾,sie5,https://github.com/yushiran/DLNLP_assignment_25/tree/main/data/raw/nushu_font/ğ›Š².jpg
ğ›Š³,320,ç¾æ–‹,tsoe44,https://github.com/yushiran/DLNLP_assignment_25/tree/main/data/raw/nushu_font/ğ›Š³.jpg
ğ›Š´,321,è§£çŸ®ä¸”,koe35,https://github.com/yushiran/DLNLP_assignment_25/tree/main/data/raw/nushu_font/ğ›Š´.jpg
ğ›Šµ,322,å°Šéµè¯¸é®å†›å›å‡å±…é—ºè£™,tcye44,https://github.com/yushiran/DLNLP_assignment_25/tree/main/data/raw/nushu_font/ğ›Šµ.jpg
ğ›Š¶,323,å­˜å·¡è†è¢–ç«¹ç½ªæœ€è”—å°Šç‚™è½¬è·¨è£¤ä¿Šå†›éƒ¡è£™,tcye42,https://github.com/yushiran/DLNLP_assignment_25/tree/main/data/raw/nushu_font/ğ›Š¶.jpg
ğ›Š·,324,æŠŠ,pwe35,https://github.com/yushiran/DLNLP_assignment_25/tree/main/data/raw/nushu_font/ğ›Š·.jpg
ğ›Š¸,325,å±æ€å¸ä¸å¸ˆè¯—ç§ç‹®å°¸æ–½æ–¯æ©,swe44,https://github.com/yushiran/DLNLP_assignment_25/tree/main/data/raw/nushu_font/ğ›Š¸.jpg
ğ›Š¹,326,å•¼æ,ti42,https://github.com/yushiran/DLNLP_assignment_25/tree/main/data/raw/nushu_font/ğ›Š¹.jpg
ğ›Šº,327,ç§»å§¨æ‘‡çª‘æ²¹æ¸¸ä¾,i42,https://github.com/yushiran/DLNLP_assignment_25/tree/main/data/raw/nushu_font/ğ›Šº.jpg
ğ›Š»,335,æœåœºè‚ é•¿é‡æ¸å…¶å¢™æ¡¥èŒ„ä¹”éª‘å¥‡æ——æœŸæ£‹éº’ç¥å¼º,tciu42,https://github.com/yushiran/DLNLP_assignment_25/tree/main/data/raw/nushu_font/ğ›Š».jpg
ğ›Š¼,336,ç—´ç¨€å¸Œé£Ÿçƒ§å²å¤±å±è¾“æ·‘æ¬º,ciu44,https://github.com/yushiran/DLNLP_assignment_25/tree/main/data/raw/nushu_font/ğ›Š¼.jpg
ğ›Š½,328,ç¥–ç»„é˜»èµŒ,tsu35,https://github.com/yushiran/DLNLP_assignment_25/tree/main/data/raw/nushu_font/ğ›Š½.jpg
ğ›Š¾,329,éª‚åˆç²—å·®æ“é¬šç§Ÿå®…åŠ©æ¢³ç–çº±æ²™æ‰è‹è“‘è”¬,tshu35,https://github.com/yushiran/DLNLP_assignment_25/tree/main/data/raw/nushu_font/ğ›Š¾.jpg
ğ›Š¿,330,å­¤å§‘é”…ä¼°æ”¹,ku44,https://github.com/yushiran/DLNLP_assignment_25/tree/main/data/raw/nushu_font/ğ›Š¿.jpg
ğ›‹€,331,å¾·å¾—ç­”,lw5,https://github.com/yushiran/DLNLP_assignment_25/tree/main/data/raw/nushu_font/ğ›‹€.jpg
ğ›‹,332,é—¨é—»,mai42,https://github.com/yushiran/DLNLP_assignment_25/tree/main/data/raw/nushu_font/ğ›‹.jpg
ğ›‹‚,333,ç¯®é«˜ç³•ç¯™å“¥å­¤å‹¾é’©æ²Ÿç¨¿æ•²,kau44,https://github.com/yushiran/DLNLP_assignment_25/tree/main/data/raw/nushu_font/ğ›‹‚.jpg
ğ›‹ƒ,334,å…œé€ç—›æ¢å·è´ªæ»”,thou21,https://github.com/yushiran/DLNLP_assignment_25/tree/main/data/raw/nushu_font/ğ›‹ƒ.jpg
ğ›‹„,342,å€™å–Š,hou33,https://github.com/yushiran/DLNLP_assignment_25/tree/main/data/raw/nushu_font/ğ›‹„.jpg
ğ›‹…,339,èƒç¯æˆ¿å¦¨é€¢é˜²çººè®¿ç›˜æ—äº¡ç©,pang42,https://github.com/yushiran/DLNLP_assignment_25/tree/main/data/raw/nushu_font/ğ›‹….jpg
ğ›‹†,343,å®¾å†°æ°é£å¦¨å°åˆ†ä»½å‡­é—®,fang44,https://github.com/yushiran/DLNLP_assignment_25/tree/main/data/raw/nushu_font/ğ›‹†.jpg
ğ›‹‡,340,æ–­åœ°æ®µç¼çŸ­ç«¯,tang13,https://github.com/yushiran/DLNLP_assignment_25/tree/main/data/raw/nushu_font/ğ›‹‡.jpg
ğ›‹ˆ,337,æµªä¹±çŸ­å…šç«¯æ–­,lang33,https://github.com/yushiran/DLNLP_assignment_25/tree/main/data/raw/nushu_font/ğ›‹ˆ.jpg
ğ›‹‰,338,å¢¨å¦¹é¢å…æ•æ¢…æš,meng33,https://github.com/yushiran/DLNLP_assignment_25/tree/main/data/raw/nushu_font/ğ›‹‰.jpg
ğ›‹Š,341,æ®¿ç”µå«ä½ƒç”°æ¬å¡«ç”œ,teng42,https://github.com/yushiran/DLNLP_assignment_25/tree/main/data/raw/nushu_font/ğ›‹Š.jpg
ğ›‹‹,344,è´±å°–ç®­ä¸¥ç„¶å‰é’±æµ…æ³‰,tseng42,https://github.com/yushiran/DLNLP_assignment_25/tree/main/data/raw/nushu_font/ğ›‹‹.jpg
ğ›‹Œ,345,ç°å–„æ‰‡,cing13,https://github.com/yushiran/DLNLP_assignment_25/tree/main/data/raw/nushu_font/ğ›‹Œ.jpg
ğ›‹,346,é»˜è”«ç›ˆé˜ç›ç‚ä¸¥èµ¢éƒæŠ‘è¿å¿§å»¶ä»,ing42,https://github.com/yushiran/DLNLP_assignment_25/tree/main/data/raw/nushu_font/ğ›‹.jpg
ğ›‹,347,æµ¸,tsa33,https://github.com/yushiran/DLNLP_assignment_25/tree/main/data/raw/nushu_font/ğ›‹.jpg
ğ›‹,350,å€Ÿ,tsie21,https://github.com/yushiran/DLNLP_assignment_25/tree/main/data/raw/nushu_font/ğ›‹.jpg
ğ›‹,351,å…´è™šèƒœç”šå‰©,cie21,https://github.com/yushiran/DLNLP_assignment_25/tree/main/data/raw/nushu_font/ğ›‹.jpg
ğ›‹‘,348,åŸ‹,moe42,https://github.com/yushiran/DLNLP_assignment_25/tree/main/data/raw/nushu_font/ğ›‹‘.jpg
ğ›‹’,353,é¸Ÿç…®åº•æŠµè¶Šä½“æ¡¶ä¸»,li35,https://github.com/yushiran/DLNLP_assignment_25/tree/main/data/raw/nushu_font/ğ›‹’.jpg
ğ›‹“,360,çŒ«èŒ…è‹—æ‹†ç­–ç›´æŒ‡æ‘˜è´£èŠ‚æ¥å€Ÿæˆªå®,tsi5,https://github.com/yushiran/DLNLP_assignment_25/tree/main/data/raw/nushu_font/ğ›‹“.jpg
ğ›‹”,352,æœå¬‰æ‹›ç›´å€¼ç½®è›°è¿™å¨‡é¸¡é¥¥æœºåŸºç¨½è½¿æ€¥åŠæå¿Œå¯‚å±…ä¿±ç»è¥Ÿé‡‘é—ºéº’,tci44,https://github.com/yushiran/DLNLP_assignment_25/tree/main/data/raw/nushu_font/ğ›‹”.jpg
ğ›‹•,354,å€šæ¤…ä¾æ‰°,i35,https://github.com/yushiran/DLNLP_assignment_25/tree/main/data/raw/nushu_font/ğ›‹•.jpg
ğ›‹–,355,è«,mu33,https://github.com/yushiran/DLNLP_assignment_25/tree/main/data/raw/nushu_font/ğ›‹–.jpg
ğ›‹—,357,è·¯éœ²ç¦„è…ŠèŠ¦ç‚‰å¢åºé²é¸¬æ³å¦’éƒ½,lu21,https://github.com/yushiran/DLNLP_assignment_25/tree/main/data/raw/nushu_font/ğ›‹—.jpg
ğ›‹˜,358,æ¹–æ²³èƒ¡å£¶,hu42,https://github.com/yushiran/DLNLP_assignment_25/tree/main/data/raw/nushu_font/ğ›‹˜.jpg
ğ›‹™,362,è¾°æ‰¿ä¹˜æ™¨ç¥æ ‘èµæ·±ä¸ç»æ®Šç«–,cyu33,https://github.com/yushiran/DLNLP_assignment_25/tree/main/data/raw/nushu_font/ğ›‹™.jpg
ğ›‹š,361,é»‘å®³,hw5,https://github.com/yushiran/DLNLP_assignment_25/tree/main/data/raw/nushu_font/ğ›‹š.jpg
ğ›‹›,359,é“ç¨»è±†,tau13,https://github.com/yushiran/DLNLP_assignment_25/tree/main/data/raw/nushu_font/ğ›‹›.jpg
ğ›‹œ,363,ç»£ç§€,siou21,https://github.com/yushiran/DLNLP_assignment_25/tree/main/data/raw/nushu_font/ğ›‹œ.jpg
ğ›‹,365,è½æ´›,lew33,https://github.com/yushiran/DLNLP_assignment_25/tree/main/data/raw/nushu_font/ğ›‹.jpg
ğ›‹,364,é”™,tshew5,https://github.com/yushiran/DLNLP_assignment_25/tree/main/data/raw/nushu_font/ğ›‹.jpg
ğ›‹Ÿ,366,å¿è¿œå†¤æ¸Šæ„¿æ€¨å¾€,yn13,https://github.com/yushiran/DLNLP_assignment_25/tree/main/data/raw/nushu_font/ğ›‹Ÿ.jpg
ğ›‹ ,367,æ·¡æ½­,tong13,https://github.com/yushiran/DLNLP_assignment_25/tree/main/data/raw/nushu_font/ğ›‹ .jpg
ğ›‹¡,368,åƒé¥®éš,ie35,https://github.com/yushiran/DLNLP_assignment_25/tree/main/data/raw/nushu_font/ğ›‹¡.jpg
ğ›‹¢,369,æŒ–,voe5,https://github.com/yushiran/DLNLP_assignment_25/tree/main/data/raw/nushu_font/ğ›‹¢.jpg
ğ›‹£,370,æ…ˆè¾æ± æŒè¿Ÿ,tswe21,https://github.com/yushiran/DLNLP_assignment_25/tree/main/data/raw/nushu_font/ğ›‹£.jpg
ğ›‹¤,371,æ—¢æ„ä»¥å·²,i21,https://github.com/yushiran/DLNLP_assignment_25/tree/main/data/raw/nushu_font/ğ›‹¤.jpg
ğ›‹¥,372,èˆ‚ç‹¬æ¯’è¾¾åº¦æ¸¡çª¦è‚šè¯»è–¯æ¦»è¸å± å›¾,tu33,https://github.com/yushiran/DLNLP_assignment_25/tree/main/data/raw/nushu_font/ğ›‹¥.jpg
ğ›‹¦,356,å µèµŒ,lu35,https://github.com/yushiran/DLNLP_assignment_25/tree/main/data/raw/nushu_font/ğ›‹¦.jpg
ğ›‹§,373,ä¹æ¼å…œè”¸,lou33,https://github.com/yushiran/DLNLP_assignment_25/tree/main/data/raw/nushu_font/ğ›‹§.jpg
ğ›‹¨,379,çˆ±,tsou42,https://github.com/yushiran/DLNLP_assignment_25/tree/main/data/raw/nushu_font/ğ›‹¨.jpg
ğ›‹©,374,äº‰,tsuow44,https://github.com/yushiran/DLNLP_assignment_25/tree/main/data/raw/nushu_font/ğ›‹©.jpg
ğ›‹ª,375,ç¾æ»¡æ¢¦æ‘¸æ‘©è’™åˆ¤èƒ–ç½‘,mang13,https://github.com/yushiran/DLNLP_assignment_25/tree/main/data/raw/nushu_font/ğ›‹ª.jpg
ğ›‹«,378,æ€»å›°è´µæŒ‚æ€ªè·ªæ›´æ£æ¡‚æ‹,tciang33,https://github.com/yushiran/DLNLP_assignment_25/tree/main/data/raw/nushu_font/ğ›‹«.jpg
ğ›‹¬,376,å”±é“³ä»—,tchiang21,https://github.com/yushiran/DLNLP_assignment_25/tree/main/data/raw/nushu_font/ğ›‹¬.jpg
ğ›‹­,377,æ­£æƒŠäº¬è†ç²¾å…¢,tciong44,https://github.com/yushiran/DLNLP_assignment_25/tree/main/data/raw/nushu_font/ğ›‹­.jpg
ğ›‹®,380,è°¢å¸­å¤•é˜µå€Ÿç¬›ç¢Ÿæ•Œ,tsie33,https://github.com/yushiran/DLNLP_assignment_25/tree/main/data/raw/nushu_font/ğ›‹®.jpg
ğ›‹¯,381,å–è¢œ,moe33,https://github.com/yushiran/DLNLP_assignment_25/tree/main/data/raw/nushu_font/ğ›‹¯.jpg
ğ›‹°,383,ç§‘è€ƒæ­Œå“¥å­¤å§‘æˆˆ,ku44,https://github.com/yushiran/DLNLP_assignment_25/tree/main/data/raw/nushu_font/ğ›‹°.jpg
ğ›‹±,384,è®¸ä¸»æš‘é¼ ,cyu35,https://github.com/yushiran/DLNLP_assignment_25/tree/main/data/raw/nushu_font/ğ›‹±.jpg
ğ›‹²,382,èƒŒ,pw21,https://github.com/yushiran/DLNLP_assignment_25/tree/main/data/raw/nushu_font/ğ›‹².jpg
ğ›‹³,385,æ²‰ä»é•¿å±‚èš•è¾æ›¹å·¢é™ˆæ›¾æ˜¨é­åƒ§,tsiang42,https://github.com/yushiran/DLNLP_assignment_25/tree/main/data/raw/nushu_font/ğ›‹³.jpg
ğ›‹´,386,è‘±è¸©æŠ„æ“æ¨å¦»äº²ä¾µå‡„,tshai44,https://github.com/yushiran/DLNLP_assignment_25/tree/main/data/raw/nushu_font/ğ›‹´.jpg
ğ›‹µ,387,çœ¼,nguow13,https://github.com/yushiran/DLNLP_assignment_25/tree/main/data/raw/nushu_font/ğ›‹µ.jpg
ğ›‹¶,388,ä¼šæ´»æˆ–è¯ç”»æ‚”æ‚£ç»™ä½›ç½šèŒƒ,nong44,https://github.com/yushiran/DLNLP_assignment_25/tree/main/data/raw/nushu_font/ğ›‹¶.jpg
ğ›‹·,389,åšå¿½ç¦å¤å¹…è…¹æ–§é­„,fu5,https://github.com/yushiran/DLNLP_assignment_25/tree/main/data/raw/nushu_font/ğ›‹·.jpg
ğ›‹¸,390,è°·ç©€é¸½æ­Œ,ku5,https://github.com/yushiran/DLNLP_assignment_25/tree/main/data/raw/nushu_font/ğ›‹¸.jpg
ğ›‹¹,391,å‡¤,fang33,https://github.com/yushiran/DLNLP_assignment_25/tree/main/data/raw/nushu_font/ğ›‹¹.jpg
ğ›‹º,392,è½¬æ¸çœ·,tcye21,https://github.com/yushiran/DLNLP_assignment_25/tree/main/data/raw/nushu_font/ğ›‹º.jpg
ğ›‹»,393,è´¹,fi21,https://github.com/yushiran/DLNLP_assignment_25/tree/main/data/raw/nushu_font/ğ›‹».jpg
